COUNTRY,ISO3,WHO_REGION,DATA_SOURCE,DATE_UPDATED,TOTAL_VACCINATIONS,PERSONS_VACCINATED_1PLUS_DOSE,TOTAL_VACCINATIONS_PER100,PERSONS_VACCINATED_1PLUS_DOSE_PER100,PERSONS_FULLY_VACCINATED,PERSONS_FULLY_VACCINATED_PER100,VACCINES_USED,FIRST_VACCINE_DATE,NUMBER_VACCINES_TYPES_USED,PERSONS_BOOSTER_ADD_DOSE,PERSONS_BOOSTER_ADD_DOSE_PER100
Afghanistan,AFG,EMRO,REPORTING,2022-11-02,12140367,11165700,31.186,28.683,10458947,26.867,"AstraZeneca - Vaxzevria,Beijing CNBG - BBIBP-CorV,Bharat - Covaxin,CanSino - Convidecia,Gamaleya - Gam-Covid-Vac,Gamaleya - Sputnik-Light,Janssen - Ad26.COV 2-S,Moderna - Spikevax,Pfizer BioNTech - Comirnaty,SII - Covishield,Sinovac - CoronaVac",2021-02-22,11,,
Albania,ALB,EURO,REPORTING,2022-10-16,2991576,1339100,104,47.053,1265900,44.481,"AstraZeneca - Vaxzevria,Gamaleya - Gam-Covid-Vac,Pfizer BioNTech - Comirnaty,SII - Covishield,Sinovac - CoronaVac",2021-01-13,5,363122,12.759
Algeria,DZA,AFRO,REPORTING,2022-09-04,15267442,7840131,34.817,17.879,6481186,14.78,"Beijing CNBG - BBIBP-CorV,Gamaleya - Gam-Covid-Vac,SII - Covishield,Sinovac - CoronaVac",2021-01-30,4,575651,1.313
American Samoa,ASM,WPRO,REPORTING,2022-08-23,111316,44885,201.67,81.318,41423,75.046,"Janssen - Ad26.COV 2-S,Moderna - Spikevax,Pfizer BioNTech - Comirnaty",2020-12-21,3,24160,43.77
Andorra,AND,EURO,REPORTING,2022-10-16,154320,57898,199.7,76.005,53482,70.208,"AstraZeneca - Vaxzevria,Moderna - Spikevax,Pfizer BioNTech - Comirnaty",2021-01-20,3,42940,56.369
Angola,AGO,AFRO,REPORTING,2022-10-30,22990789,14220830,69.953,43.269,7814121,23.776,SII - Covishield,2021-03-10,1,1127156,3.43
Anguilla,AIA,AMRO,REPORTING,2022-10-28,24434,10852,162.872,72.337,10366,69.097,"AstraZeneca - Vaxzevria,Pfizer BioNTech - Comirnaty",2021-02-05,2,2998,19.984
Antigua and Barbuda,ATG,AMRO,REPORTING,2022-10-28,136512,64290,139.399,65.65,62384,63.703,"AstraZeneca - Vaxzevria,Beijing CNBG - BBIBP-CorV,Gamaleya - Gam-Covid-Vac,Janssen - Ad26.COV 2-S,Pfizer BioNTech - Comirnaty,SII - Covishield",2021-03-01,6,9838,10.046
Argentina,ARG,AMRO,REPORTING,2022-10-07,109652736,41324100,242.617,91.434,37840119,83.725,"AstraZeneca - Vaxzevria,Beijing CNBG - BBIBP-CorV,CanSino - Convidecia,Gamaleya - Gam-Covid-Vac,Moderna - Spikevax,Pfizer BioNTech - Comirnaty,SII - Covishield",2020-12-29,7,30810184,68.17
Armenia,ARM,EURO,REPORTING,2022-05-22,2150112,1129669,72.6,38.123,985807,33.268,"AstraZeneca - Vaxzevria,Beijing CNBG - BBIBP-CorV,Gamaleya - Gam-Covid-Vac,Gamaleya - Sputnik-Light,Moderna - Spikevax,Pfizer BioNTech - Comirnaty,Sinovac - CoronaVac,Wuhan CNBG - Inactivated",2021-06-16,8,40725,1.374
Aruba,ABW,AMRO,REPORTING,2022-10-28,173723,89961,162.714,84.26,83762,78.454,"Janssen - Ad26.COV 2-S,Pfizer BioNTech - Comirnaty",2021-02-17,2,,
Australia,AUS,WPRO,REPORTING,2022-09-28,63461493,22443557,248.87,88.014,21784904,85.431,"AstraZeneca - Vaxzevria,Janssen - Ad26.COV 2-S,Moderna - Spikevax,Novavax-NUVAXOVID,Pfizer BioNTech - Comirnaty",2021-02-21,5,14265648,55.944
Austria,AUT,EURO,REPORTING,2022-10-16,19596170,6889593,220.2,77.507,6671600,74.953,"AstraZeneca - Vaxzevria,Janssen - Ad26.COV 2-S,Moderna - Spikevax,Novavax-NUVAXOVID,Pfizer BioNTech - Comirnaty,Unknown Vaccine",2020-12-30,6,5359031,60.207
Azerbaijan,AZE,EURO,REPORTING,2022-10-16,13763859,5410598,135.7,53.363,4873700,48.068,"AstraZeneca - Vaxzevria,Gamaleya - Gam-Covid-Vac,Gamaleya - Sputnik-Light,Pfizer BioNTech - Comirnaty,Sinovac - CoronaVac",2021-01-20,5,3479563,34.318
Bahamas,BHS,AMRO,REPORTING,2022-10-28,362968,173529,92.301,44.128,165317,42.039,"AstraZeneca - Vaxzevria,Janssen - Ad26.COV 2-S,Pfizer BioNTech - Comirnaty,SII - Covishield",2021-03-14,4,32960,8.382
Bahrain,BHR,EMRO,REPORTING,2022-11-02,3473923,1240911,204.159,72.927,1226421,72.076,"AstraZeneca - Vaxzevria,Beijing CNBG - BBIBP-CorV,Bharat - Covaxin,CanSino - Convidecia,Gamaleya - Gam-Covid-Vac,Gamaleya - Sputnik-Light,Janssen - Ad26.COV 2-S,Moderna - Spikevax,Pfizer BioNTech - Comirnaty,SII - Covishield,Sinovac - CoronaVac",2020-11-04,11,1006591,59.156
Bangladesh,BGD,SEARO,REPORTING,2022-10-31,321135933,139094638,194.995,84.459,124138382,75.377,"AstraZeneca - Vaxzevria,Beijing CNBG - BBIBP-CorV,Gamaleya - Gam-Covid-Vac,Janssen - Ad26.COV 2-S,Moderna - Spikevax,Pfizer BioNTech - Comirnaty,SII - Covishield,Sinovac - CoronaVac",2021-01-27,8,57902913,35.159
Barbados,BRB,AMRO,REPORTING,2022-10-28,380666,163707,132.463,56.966,154789,53.863,"AstraZeneca - Vaxzevria,Beijing CNBG - BBIBP-CorV,Janssen - Ad26.COV 2-S,Pfizer BioNTech - Comirnaty,SII - Covishield",2021-01-08,5,62170,21.634
Belarus,BLR,EURO,REPORTING,2022-10-16,16102869,6512843,170.4,68.924,6407148,67.805,"Beijing CNBG - BBIBP-CorV,Chumakov - Covi-Vac,Gamaleya - Gam-Covid-Vac,Gamaleya - Sputnik-Light",2021-02-03,4,3414776,36.138
Belgium,BEL,EURO,REPORTING,2022-10-16,28259334,9248836,245.3,80.268,9152369,79.431,"AstraZeneca - Vaxzevria,Janssen - Ad26.COV 2-S,Moderna - Spikevax,Pfizer BioNTech - Comirnaty",2020-12-30,4,7222211,62.68
Belize,BLZ,AMRO,REPORTING,2022-10-28,501313,251358,126.076,63.214,220794,55.528,"AstraZeneca - Vaxzevria,Beijing CNBG - BBIBP-CorV,Janssen - Ad26.COV 2-S,Pfizer BioNTech - Comirnaty,SII - Covishield",2021-03-01,5,51014,12.83
Benin,BEN,AFRO,REPORTING,2022-10-16,3693045,3207889,30.463,26.461,2691413,22.201,"AstraZeneca - Vaxzevria,Janssen - Ad26.COV 2-S,Pfizer BioNTech - Comirnaty,SII - Covishield,Sinovac - CoronaVac",2021-03-29,5,,
Bermuda,BMU,AMRO,REPORTING,2022-10-28,132042,48554,212.037,77.97,47657,76.529,"AstraZeneca - Vaxzevria,Pfizer BioNTech - Comirnaty",2021-01-11,2,31829,51.112
Bhutan,BTN,SEARO,REPORTING,2022-10-30,2011426,699116,260.68,90.605,677669,87.826,"AstraZeneca - Vaxzevria,Beijing CNBG - BBIBP-CorV,Moderna - Spikevax,Pfizer BioNTech - Comirnaty,SII - Covishield",2021-03-27,5,634641,82.249
Bolivia (Plurinational State of),BOL,AMRO,REPORTING,2022-10-28,15448082,7416257,132.34,63.533,6222584,53.307,"AstraZeneca - Vaxzevria,Beijing CNBG - BBIBP-CorV,Gamaleya - Gam-Covid-Vac,Janssen - Ad26.COV 2-S,Moderna - Spikevax,Pfizer BioNTech - Comirnaty,SII - Covishield",2021-01-30,7,2302379,19.724
Bonaire,XAA,AMRO,REPORTING,2022-10-28,41537,17460,198.599,83.481,15919,76.113,,,,8158,39.005
"Bonaire, Sint Eustatius and Saba",BES,AMRO,OWID,2021-09-01,35845,19109,137.934,73.533,16736,64.401,"Moderna - mRNA-1273, Pfizer BioNTech - Comirnaty",,2,,
Bosnia and Herzegovina,BIH,EURO,REPORTING,2022-01-29,1924950,943394,58.7,28.755,846080,25.789,"AstraZeneca - AZD1222, Pfizer BioNTech - Comirnaty, Sinovac - CoronaVac, Gamaleya - Sputnik V",,4,,
Botswana,BWA,AFRO,REPORTING,2022-10-02,2891400,1589621,122.953,67.597,1378230,58.608,"Bharat - Covaxin,Janssen - Ad26.COV 2-S,Moderna - Spikevax,Pfizer BioNTech - Comirnaty,SII - Covishield,Sinovac - CoronaVac",2021-03-26,6,466951,19.857
Brazil,BRA,AMRO,REPORTING,2022-10-28,487760773,185061541,229.47,87.063,167647519,78.871,"AstraZeneca - Vaxzevria,Janssen - Ad26.COV 2-S,Pfizer BioNTech - Comirnaty,SII - Covishield,Sinovac - CoronaVac",2021-01-17,5,104747469,49.279
British Virgin Islands,VGB,AMRO,REPORTING,2022-10-28,41453,19466,137.094,64.378,18261,60.393,"AstraZeneca - Vaxzevria,Janssen - Ad26.COV 2-S",2021-02-11,2,3726,12.323
Brunei Darussalam,BRN,WPRO,REPORTING,2022-10-07,1278500,450060,292.243,102.876,445424,101.816,"AstraZeneca - Vaxzevria,Beijing CNBG - BBIBP-CorV,Janssen - Ad26.COV 2-S,Moderna - Spikevax,Pfizer BioNTech - Comirnaty",2021-04-03,5,337552,77.158
Bulgaria,BGR,EURO,REPORTING,2022-10-16,4566807,2103303,65.7,30.257,2074596,29.844,"AstraZeneca - Vaxzevria,Janssen - Ad26.COV 2-S,Moderna - Spikevax,Pfizer BioNTech - Comirnaty",2020-12-30,4,814226,11.713
Burkina Faso,BFA,AFRO,REPORTING,2022-10-02,4070678,3079151,19.474,14.73,2658480,12.718,"Beijing CNBG - BBIBP-CorV,Janssen - Ad26.COV 2-S,SII - Covishield",2021-06-02,3,,
Burundi,BDI,AFRO,REPORTING,2022-10-30,25983,24053,0.219,0.202,23471,0.197,Beijing CNBG - BBIBP-CorV,2021-10-18,1,53,0
Cabo Verde,CPV,AFRO,REPORTING,2022-09-25,859940,356734,154.669,64.162,308720,55.526,"Beijing CNBG - BBIBP-CorV,Moderna - Spikevax,Pfizer BioNTech - Comirnaty,SII - Covishield",2021-03-18,4,749,0.135
Cambodia,KHM,WPRO,REPORTING,2022-10-21,40463517,18317500,242.022,109.561,14578628,87.198,"AstraZeneca - Vaxzevria,Beijing CNBG - BBIBP-CorV,Janssen - Ad26.COV 2-S,Moderna - Spikevax,Pfizer BioNTech - Comirnaty,SII - Covishield,Sinovac - CoronaVac",2021-02-10,7,10272280,61.441
Cameroon,CMR,AFRO,REPORTING,2022-10-30,1924807,1638561,7.251,6.173,1286179,4.845,"Beijing CNBG - BBIBP-CorV,Janssen - Ad26.COV 2-S,Pfizer BioNTech - Comirnaty,SII - Covishield",2021-04-12,4,65518,0.247
Canada,CAN,AMRO,REPORTING,2022-10-28,89313710,32862216,236.642,87.07,31496105,83.451,"AstraZeneca - Vaxzevria,Janssen - Ad26.COV 2-S,Moderna - Spikevax,Pfizer BioNTech - Comirnaty,SII - Covishield",2020-12-14,5,19383516,51.358
Cayman Islands,CYM,AMRO,REPORTING,2022-10-28,149153,61787,226.952,94.016,60341,91.815,Pfizer BioNTech - Comirnaty,2021-01-15,1,24307,36.986
Central African Republic,CAF,AFRO,REPORTING,2022-10-23,1754834,1674402,36.334,34.668,1616195,33.463,"Bharat - Covaxin,SII - Covishield",2021-03-19,2,214090,4.433
Chad,TCD,AFRO,REPORTING,2022-10-02,3879297,3746216,23.617,22.807,3619014,22.032,Beijing CNBG - BBIBP-CorV,2021-06-04,1,,
Chile,CHL,AMRO,REPORTING,2022-10-28,62487951,18074974,326.885,94.553,17686528,92.521,"AstraZeneca - Vaxzevria,CanSino - Convidecia,Moderna - Spikevax,Pfizer BioNTech - Comirnaty,Sinovac - CoronaVac",2020-12-21,5,15680420,82.027
China,CHN,WPRO,REPORTING,2022-10-02,3457953632,1307474015,235.029,88.866,1277277509,86.814,"Anhui ZL - Zifivax,Beijing CNBG - BBIBP-CorV,CanSino - Convidecia,IMB - Covidful,Pfizer BioNTech - Comirnaty,Shenzhen - LV-SMENP-DC,Sinovac - CoronaVac,Wuhan CNBG - Inactivated",2020-07-22,8,776425498,52.772
Colombia,COL,AMRO,REPORTING,2022-10-28,89209704,42828694,175.324,84.171,36763427,72.251,"AstraZeneca - Vaxzevria,Janssen - Ad26.COV 2-S,Moderna - Spikevax,Pfizer BioNTech - Comirnaty,Sinovac - CoronaVac",2021-02-17,5,14301919,28.108
Comoros,COM,AFRO,REPORTING,2022-10-02,835021,438825,96.023,50.463,397080,45.662,"Beijing CNBG - BBIBP-CorV,Bharat - Covaxin,SII - Covishield",2021-04-10,3,,
Congo,COG,AFRO,REPORTING,2022-07-31,833210,695760,15.1,12.609,654119,11.854,"Beijing CNBG - BBIBP-CorV,Gamaleya - Gam-Covid-Vac,Moderna - Spikevax,SII - Covishield",2021-03-23,4,,
Cook Islands,COK,WPRO,REPORTING,2022-05-10,39612,15020,225.529,85.516,14676,83.557,Pfizer BioNTech - Comirnaty,2021-05-17,1,9916,56.456
Costa Rica,CRI,AMRO,REPORTING,2022-10-28,12169521,4500155,238.894,88.34,4219797,82.837,"AstraZeneca - Vaxzevria,Moderna - Spikevax,Pfizer BioNTech - Comirnaty",2020-12-24,3,2639586,51.816
Côte d’Ivoire,CIV,AFRO,REPORTING,2022-10-23,20588390,12681498,78.051,48.076,9215656,34.937,"Beijing CNBG - BBIBP-CorV,Gamaleya - Gam-Covid-Vac,Janssen - Ad26.COV 2-S,Pfizer BioNTech - Comirnaty,SII - Covishield",2021-03-01,5,1243021,4.712
Croatia,HRV,EURO,REPORTING,2022-10-16,5356347,2317443,132,57.14,2244157,55.3,"AstraZeneca - Vaxzevria,Janssen - Ad26.COV 2-S,Moderna - Spikevax,Novavax-NUVAXOVID,Pfizer BioNTech - Comirnaty,Unknown Vaccine",2020-12-23,6,954118,23.511
Cuba,CUB,AMRO,REPORTING,2022-10-28,37902951,10709268,334.636,94.55,9997315,88.264,"CIGB - CIGB-66,Finlay - Soberana Plus,Finlay - Soberana-02",,3,8621669,76.119
Curaçao,CUW,AMRO,REPORTING,2022-10-28,255511,108557,155.711,66.156,99917,60.89,"AstraZeneca - Vaxzevria,Moderna - Spikevax,Pfizer BioNTech - Comirnaty",2021-02-24,3,47037,28.665
Cyprus,CYP,EURO,REPORTING,2022-10-16,1824911,667243,205.5,75.14,655639,73.833,"AstraZeneca - Vaxzevria,Janssen - Ad26.COV 2-S,Moderna - Spikevax,Novavax-NUVAXOVID,Pfizer BioNTech - Comirnaty",2020-12-23,5,485225,54.642
Czechia,CZE,EURO,REPORTING,2022-10-16,18215235,6967841,170.3,65.157,6882776,64.361,"AstraZeneca - Vaxzevria,Janssen - Ad26.COV 2-S,Moderna - Spikevax,Novavax-NUVAXOVID,Pfizer BioNTech - Comirnaty",2020-12-23,5,4330325,40.493
Democratic Republic of the Congo,COD,AFRO,REPORTING,2022-10-23,6185534,6577469,6.906,7.344,5575771,6.226,SII - Covishield,2021-04-19,1,,
Denmark,DNK,EURO,REPORTING,2022-10-16,13189213,4808729,226.5,82.585,4771093,81.939,"AstraZeneca - Vaxzevria,Janssen - Ad26.COV 2-S,Moderna - Spikevax,Pfizer BioNTech - Comirnaty,Unknown Vaccine",2020-12-16,5,3655731,62.783
Djibouti,DJI,EMRO,REPORTING,2022-10-30,281656,261033,28.508,26.42,240665,24.359,"AstraZeneca - Vaxzevria,Beijing CNBG - BBIBP-CorV,Bharat - Covaxin,CanSino - Convidecia,Gamaleya - Gam-Covid-Vac,Gamaleya - Sputnik-Light,Janssen - Ad26.COV 2-S,Moderna - Spikevax,Pfizer BioNTech - Comirnaty,SII - Covishield,Sinovac - CoronaVac",2021-03-15,11,,
Dominica,DMA,AMRO,REPORTING,2022-10-28,67647,32995,93.966,45.832,30659,42.587,"AstraZeneca - Vaxzevria,Beijing CNBG - BBIBP-CorV,Moderna - Spikevax,Pfizer BioNTech - Comirnaty,SII - Covishield",2021-02-12,5,3993,5.547
Dominican Republic,DOM,AMRO,REPORTING,2022-10-28,15829545,7289316,145.923,67.196,6056545,55.831,"AstraZeneca - Vaxzevria,SII - Covishield,Sinovac - CoronaVac",2021-02-16,3,2483684,22.896
Ecuador,ECU,AMRO,REPORTING,2022-10-28,38492480,15281438,218.174,86.614,14163964,80.281,"AstraZeneca - Vaxzevria,CanSino - Convidecia,Pfizer BioNTech - Comirnaty,Sinovac - CoronaVac",2021-01-20,4,7369220,41.768
Egypt,EGY,EMRO,REPORTING,2022-10-30,100303642,53496777,98.016,52.276,39910404,39,"AstraZeneca - Vaxzevria,Beijing CNBG - BBIBP-CorV,Bharat - Covaxin,CanSino - Convidecia,Gamaleya - Gam-Covid-Vac,Gamaleya - Sputnik-Light,Janssen - Ad26.COV 2-S,Moderna - Spikevax,Pfizer BioNTech - Comirnaty,Sinovac - CoronaVac",2021-01-24,10,9564972,9.347
El Salvador,SLV,AMRO,REPORTING,2022-10-28,11250496,4634978,173.453,71.459,4329694,66.752,"AstraZeneca - Vaxzevria,Beijing CNBG - BBIBP-CorV,Moderna - Spikevax,Pfizer BioNTech - Comirnaty,SII - Covishield,Sinovac - CoronaVac",2021-02-17,6,1847442,28.483
Equatorial Guinea,GNQ,AFRO,REPORTING,2022-07-24,488738,270109,34.836,19.252,214032,15.255,"Beijing CNBG - BBIBP-CorV,Sinovac - CoronaVac",2021-02-12,2,4597,0.328
Eritrea,ERI,AFRO,REPORTING,2022-07-03,,0,,0,0,0,,,,,
Estonia,EST,EURO,REPORTING,2022-10-16,2152705,844142,162,63.518,834837,62.818,"AstraZeneca - Vaxzevria,Janssen - Ad26.COV 2-S,Moderna - Spikevax,Novavax-NUVAXOVID,Pfizer BioNTech - Comirnaty",2020-12-23,5,481619,36.24
Eswatini,SWZ,AFRO,REPORTING,2022-09-25,773579,492300,66.678,42.434,490673,42.293,"Janssen - Ad26.COV 2-S,Pfizer BioNTech - Comirnaty,SII - Covishield",2021-03-19,3,147518,12.715
Ethiopia,ETH,AFRO,REPORTING,2022-07-31,52509414,43111242,45.675,37.5,36707357,31.93,"Beijing CNBG - BBIBP-CorV,Bharat - Covaxin,Janssen - Ad26.COV 2-S,SII - Covishield",2021-03-13,4,2421781,2.107
Falkland Islands (Malvinas),FLK,AMRO,REPORTING,2022-06-21,9390,3220,269.595,92.449,2976,85.444,AstraZeneca - AZD1222,,1,2543,73.012
Faroe Islands,FRO,EURO,OWID,2022-02-18,103894,41715,212.614,85.368,40895,83.69,"Moderna - mRNA-1273, Pfizer BioNTech - Comirnaty",,2,21284,43.557
Fiji,FJI,WPRO,REPORTING,2022-09-29,1542401,710182,172.058,79.222,638724,71.251,"AstraZeneca - Vaxzevria,Moderna - Spikevax,SII - Covishield",2021-03-07,3,166760,18.602
Finland,FIN,EURO,REPORTING,2022-10-16,12916648,4542768,233.8,82.218,4358358,78.88,"AstraZeneca - Vaxzevria,Janssen - Ad26.COV 2-S,Moderna - Spikevax,Pfizer BioNTech - Comirnaty,Unknown Vaccine",2020-12-23,5,3055298,55.297
France,FRA,EURO,REPORTING,2022-10-16,153069144,53664707,227.4,79.716,52157654,77.477,"AstraZeneca - Vaxzevria,Janssen - Ad26.COV 2-S,Moderna - Spikevax,Novavax-NUVAXOVID,Pfizer BioNTech - Comirnaty,Unknown Vaccine",2020-12-30,6,40710314,60.473
French Guiana,GUF,AMRO,REPORTING,2022-10-28,236613,99140,79.219,33.192,89666,30.021,"Moderna - Spikevax,Pfizer BioNTech - Comirnaty",2021-01-13,2,45474,15.225
French Polynesia,PYF,WPRO,REPORTING,2022-08-29,496275,190658,176.668,67.872,185669,66.096,"Janssen - Ad26.COV 2-S,Pfizer BioNTech - Comirnaty",2021-01-18,2,111840,39.814
Gabon,GAB,AFRO,REPORTING,2022-10-30,569829,310842,25.602,13.966,257322,11.561,"Beijing CNBG - BBIBP-CorV,Gamaleya - Gam-Covid-Vac,Pfizer BioNTech - Comirnaty",2021-03-23,3,2586,0.116
Gambia,GMB,AFRO,REPORTING,2022-08-07,815861,452514,33.76,18.725,357390,14.789,"Beijing CNBG - BBIBP-CorV,SII - Covishield",2021-03-10,2,9007,0.373
Georgia,GEO,EURO,REPORTING,2022-10-02,2720694,1293602,68.2,32.428,1178985,29.555,"AstraZeneca - Vaxzevria,Beijing CNBG - BBIBP-CorV,Pfizer BioNTech - Comirnaty,Sinovac - CoronaVac",2021-03-17,4,248107,6.22
Germany,DEU,EURO,REPORTING,2022-10-16,186739714,64797946,224.5,77.913,64887422,78.021,"AstraZeneca - Vaxzevria,Janssen - Ad26.COV 2-S,Moderna - Spikevax,Novavax-NUVAXOVID,Pfizer BioNTech - Comirnaty,Unknown Vaccine",2020-12-23,6,51811037,62.298
Ghana,GHA,AFRO,REPORTING,2022-10-30,20359448,11837459,65.521,38.096,8758799,28.188,"Gamaleya - Gam-Covid-Vac,SII - Covishield",2021-03-02,2,2329799,7.498
Gibraltar,GIB,EURO,OWID,2022-04-21,119855,42074,355.748,124.882,41421,122.944,"AstraZeneca - AZD1222, Pfizer BioNTech - Comirnaty",,2,36360,107.922
Greece,GRC,EURO,REPORTING,2022-10-16,21583328,7910910,201.4,73.806,7735464,72.169,"AstraZeneca - Vaxzevria,Janssen - Ad26.COV 2-S,Moderna - Spikevax,Novavax-NUVAXOVID,Pfizer BioNTech - Comirnaty",2020-12-23,5,5876425,54.825
Greenland,GRL,EURO,OWID,2022-03-07,79745,41243,140.465,72.647,38502,67.819,Moderna - mRNA-1273,,1,,
Grenada,GRD,AMRO,REPORTING,2022-10-28,90251,44093,80.207,39.186,38879,34.552,"AstraZeneca - Vaxzevria,Janssen - Ad26.COV 2-S,Moderna - Spikevax,Pfizer BioNTech - Comirnaty,SII - Covishield",2021-02-15,5,7279,6.469
Guadeloupe,GLP,AMRO,REPORTING,2022-10-28,389210,150620,97.272,37.643,144764,36.18,"AstraZeneca - Vaxzevria,Janssen - Ad26.COV 2-S,Moderna - Spikevax,Novavax-NUVAXOVID,Pfizer BioNTech - Comirnaty",2021-01-08,7,87652,21.906
Guam,GUM,WPRO,REPORTING,2022-08-23,368088,155225,218.094,91.972,141014,83.551,"Janssen - Ad26.COV 2-S,Moderna - Spikevax,Pfizer BioNTech - Comirnaty",2021-01-04,3,72131,42.738
Guatemala,GTM,AMRO,REPORTING,2022-10-28,19853919,8835536,110.819,49.318,6977744,38.948,"AstraZeneca - Vaxzevria,Gamaleya - Gam-Covid-Vac,Moderna - Spikevax,Pfizer BioNTech - Comirnaty,SII - Covishield",2021-02-25,5,3564825,19.898
Guernsey,GGY,EURO,OWID,2022-07-12,157708,,244.63,,,,"Moderna - mRNA-1273, AstraZeneca - AZD1222, Pfizer BioNTech - Comirnaty",,3,,
Guinea,GIN,AFRO,REPORTING,2022-10-23,7626551,5209518,58.073,39.668,2983614,22.719,"Beijing CNBG - BBIBP-CorV,Gamaleya - Gam-Covid-Vac,Janssen - Ad26.COV 2-S,Pfizer BioNTech - Comirnaty,SII - Covishield,Sinovac - CoronaVac",2021-03-05,6,199848,1.522
Guinea-Bissau,GNB,AFRO,REPORTING,2022-09-18,673091,640393,34.202,32.54,404228,20.54,"Beijing CNBG - BBIBP-CorV,SII - Covishield",2021-04-02,2,745,0.038
Guyana,GUY,AMRO,REPORTING,2022-10-28,951613,492773,120.985,62.65,379432,48.24,"AstraZeneca - Vaxzevria,Beijing CNBG - BBIBP-CorV,Gamaleya - Gam-Covid-Vac,Janssen - Ad26.COV 2-S,Moderna - Spikevax,Pfizer BioNTech - Comirnaty,SII - Covishield",2021-02-11,7,75419,9.589
Haiti,HTI,AMRO,REPORTING,2022-10-28,509500,397765,4.468,3.488,236678,2.076,"Janssen - Ad26.COV 2-S,Moderna - Spikevax",,2,,
Honduras,HND,AMRO,REPORTING,2022-10-28,16406054,6404041,165.641,64.657,5699605,57.545,"AstraZeneca - Vaxzevria,Gamaleya - Gam-Covid-Vac,Janssen - Ad26.COV 2-S,Moderna - Spikevax,Pfizer BioNTech - Comirnaty,SII - Covishield",2021-02-22,6,4302783,43.442
Hungary,HUN,EURO,REPORTING,2022-10-16,16490460,6354545,168.8,65.045,6148113,62.932,"AstraZeneca - Vaxzevria,Beijing CNBG - BBIBP-CorV,Gamaleya - Gam-Covid-Vac,Janssen - Ad26.COV 2-S,Moderna - Spikevax,Pfizer BioNTech - Comirnaty,Sinovac - CoronaVac",2020-12-23,7,3861064,39.522
Iceland,ISL,EURO,REPORTING,2022-10-09,851665,307089,233.9,84.335,297677,81.749,"AstraZeneca - Vaxzevria,Janssen - Ad26.COV 2-S,Moderna - Spikevax,Pfizer BioNTech - Comirnaty",2020-12-30,4,253289,69.559
India,IND,SEARO,REPORTING,2022-10-31,2196382882,1025269233,159.158,74.295,950236624,68.858,"Bharat - Covaxin,Biological E - Corbevax,Gamaleya - Gam-Covid-Vac,Janssen - Ad26.COV 2-S,Moderna - Spikevax,SII - Covishield,SII - Covovax,Zydus - ZyCov-D",2021-01-16,8,220877025,16.006
Indonesia,IDN,SEARO,REPORTING,2022-10-30,439654699,204315646,160.737,74.698,170975417,62.508,"AstraZeneca - Vaxzevria,Beijing CNBG - BBIBP-CorV,Janssen - Ad26.COV 2-S,Moderna - Spikevax,Novavax-NUVAXOVID,Pfizer BioNTech - Comirnaty,Sinovac - CoronaVac",2021-01-13,7,64363636,23.531
Iran (Islamic Republic of),IRN,EMRO,REPORTING,2022-10-30,154491250,65064570,183.934,77.464,58465011,69.607,"AstraZeneca - Vaxzevria,Beijing CNBG - BBIBP-CorV,Bharat - Covaxin,CanSino - Convidecia,Finlay - Soberana-02,Gamaleya - Gam-Covid-Vac,Gamaleya - Sputnik-Light,Janssen - Ad26.COV 2-S,Moderna - Spikevax,Pfizer BioNTech - Comirnaty,Shifa - COVIran Barakat,Sinovac - CoronaVac",2021-02-09,12,30961669,36.862
Iraq,IRQ,EMRO,REPORTING,2022-10-23,19394050,11234347,48.217,27.931,7899315,19.639,"AstraZeneca - Vaxzevria,Beijing CNBG - BBIBP-CorV,Bharat - Covaxin,CanSino - Convidecia,Gamaleya - Gam-Covid-Vac,Gamaleya - Sputnik-Light,Janssen - Ad26.COV 2-S,Moderna - Spikevax,Pfizer BioNTech - Comirnaty,Sinovac - CoronaVac",2021-03-02,10,260388,0.647
Ireland,IRL,EURO,REPORTING,2022-10-09,11663862,4040268,234.9,83.929,4005217,80.678,"AstraZeneca - Vaxzevria,Janssen - Ad26.COV 2-S,Moderna - Spikevax,Novavax-NUVAXOVID,Pfizer BioNTech - Comirnaty",2020-12-30,5,3025769,60.949
Isle of Man,IMN,EURO,OWID,2022-06-23,189994,69560,223.438,81.804,67106,78.919,"Moderna - mRNA-1273, AstraZeneca - AZD1222, Pfizer BioNTech - Comirnaty",,3,53328,62.715
Israel,ISR,EURO,REPORTING,2022-06-05,15026951,7055466,173.6,81.514,6385731,73.776,"AstraZeneca - Vaxzevria,Moderna - Spikevax,Pfizer BioNTech - Comirnaty",2020-12-16,3,1585754,18.321
Italy,ITA,EURO,REPORTING,2022-10-16,140212718,50437198,235.1,84.572,47513380,79.665,"AstraZeneca - Vaxzevria,Janssen - Ad26.COV 2-S,Moderna - Spikevax,Novavax-NUVAXOVID,Pfizer BioNTech - Comirnaty",2020-12-23,5,42670045,71.544
Jamaica,JAM,AMRO,REPORTING,2022-10-28,1493518,834720,50.437,28.189,734016,24.788,"AstraZeneca - Vaxzevria,Beijing CNBG - BBIBP-CorV,Janssen - Ad26.COV 2-S,Pfizer BioNTech - Comirnaty,SII - Covishield",2021-03-10,5,44819,1.514
Japan,JPN,WPRO,REPORTING,2022-10-04,324593506,104222723,256.643,82.405,102856921,81.325,"AstraZeneca - Vaxzevria,Moderna - Spikevax,Novavax-NUVAXOVID,Pfizer BioNTech - Comirnaty",2021-02-17,4,82433822,65.177
Jersey,JEY,EURO,OWID,2022-10-23,255009,84157,236.566,78.071,81597,75.696,"Moderna - mRNA-1273, AstraZeneca - AZD1222, Pfizer BioNTech - Comirnaty",,3,73458,68.145
Jordan,JOR,EMRO,REPORTING,2022-08-21,10057975,4821579,98.577,47.256,4558313,44.676,"AstraZeneca - Vaxzevria,Beijing CNBG - BBIBP-CorV,Bharat - Covaxin,CanSino - Convidecia,Gamaleya - Gam-Covid-Vac,Gamaleya - Sputnik-Light,Janssen - Ad26.COV 2-S,Moderna - Spikevax,Pfizer BioNTech - Comirnaty,Sinovac - CoronaVac",2021-01-13,10,682211,6.686
Kazakhstan,KAZ,EURO,REPORTING,2022-10-09,32989949,12348706,175.7,65.766,13009889,69.287,"Beijing CNBG - BBIBP-CorV,Gamaleya - Gam-Covid-Vac,Pfizer BioNTech - Comirnaty,RIBSP - QazVac,Sinovac - CoronaVac",2021-04-07,5,6540409,34.833
Kenya,KEN,AFRO,REPORTING,2022-10-30,22457583,13969231,41.765,25.979,10564568,19.647,"Beijing CNBG - BBIBP-CorV,Janssen - Ad26.COV 2-S,Moderna - Spikevax,Pfizer BioNTech - Comirnaty,SII - Covishield",2021-03-05,5,1568659,2.917
Kiribati,KIR,WPRO,REPORTING,2022-09-26,182923,93685,153.139,78.431,70464,58.991,"AstraZeneca - Vaxzevria,Beijing CNBG - BBIBP-CorV",2021-05-26,2,18774,15.717
Kosovo,XKX,EURO,REPORTING,2022-10-09,1836002,904332,102.2,50.362,824492,45.916,"AstraZeneca - Vaxzevria,Pfizer BioNTech - Comirnaty",2021-03-31,2,105385,5.869
Kuwait,KWT,EMRO,REPORTING,2022-11-02,8235679,3449971,192.847,80.785,3340204,78.214,"AstraZeneca - Vaxzevria,Beijing CNBG - BBIBP-CorV,Bharat - Covaxin,CanSino - Convidecia,Gamaleya - Gam-Covid-Vac,Gamaleya - Sputnik-Light,Janssen - Ad26.COV 2-S,Moderna - Spikevax,Pfizer BioNTech - Comirnaty,Sinovac - CoronaVac",2020-12-28,10,1445504,33.848
Kyrgyzstan,KGZ,EURO,REPORTING,2022-10-09,2980022,1468553,45.7,22.509,1299738,19.922,"AstraZeneca - Vaxzevria,Beijing CNBG - BBIBP-CorV,Gamaleya - Gam-Covid-Vac,Moderna - Spikevax,Pfizer BioNTech - Comirnaty,RIBSP - QazVac",2021-03-31,6,211731,3.245
Lao People's Democratic Republic,LAO,WPRO,REPORTING,2022-09-30,12388167,5939256,170.271,81.633,5293537,72.758,"AstraZeneca - Vaxzevria,Beijing CNBG - BBIBP-CorV,Gamaleya - Gam-Covid-Vac,Gamaleya - Sputnik-Light,Janssen - Ad26.COV 2-S,Pfizer BioNTech - Comirnaty,SII - Covishield,Sinovac - CoronaVac",2020-11-25,8,1916136,26.337
Latvia,LVA,EURO,REPORTING,2022-09-18,2847648,1303023,149.3,68.304,1271589,66.656,"AstraZeneca - Vaxzevria,Janssen - Ad26.COV 2-S,Moderna - Spikevax,Novavax-NUVAXOVID,Pfizer BioNTech - Comirnaty",2020-12-30,5,541299,28.375
Lebanon,LBN,EMRO,REPORTING,2022-10-20,5797147,2733290,84.934,40.046,2408849,35.292,"AstraZeneca - Vaxzevria,Beijing CNBG - BBIBP-CorV,Bharat - Covaxin,CanSino - Convidecia,Gamaleya - Gam-Covid-Vac,Gamaleya - Sputnik-Light,Janssen - Ad26.COV 2-S,Moderna - Spikevax,Pfizer BioNTech - Comirnaty,Sinovac - CoronaVac",2021-02-14,10,655008,9.597
Lesotho,LSO,AFRO,REPORTING,2022-08-14,1102069,1631364,51.444,76.152,872661,40.736,"Beijing CNBG - BBIBP-CorV,Janssen - Ad26.COV 2-S,SII - Covishield",2021-03-10,3,61789,2.884
Liberia,LBR,AFRO,REPORTING,2022-10-16,4179219,3692705,82.631,73.012,3511588,69.431,SII - Covishield,2021-04-01,1,1987,0.039
Libya,LBY,EMRO,REPORTING,2022-10-02,3716080,2308724,54.081,33.6,1229888,17.899,"AstraZeneca - Vaxzevria,Beijing CNBG - BBIBP-CorV,Bharat - Covaxin,CanSino - Convidecia,Gamaleya - Gam-Covid-Vac,Gamaleya - Sputnik-Light,Janssen - Ad26.COV 2-S,Moderna - Spikevax,Pfizer BioNTech - Comirnaty,Sinovac - CoronaVac",2021-04-11,10,177468,2.583
Liechtenstein,LIE,OTHER,REPORTING,2022-04-10,71104,26681,183.5,68.86,26346,67.995,"Janssen - Ad26.COV 2-S,Moderna - Spikevax,Pfizer BioNTech - Comirnaty",2021-01-06,3,18310,47.255
Lithuania,LTU,EURO,REPORTING,2022-10-16,4495684,1954870,160.9,70.118,1905239,68.188,"AstraZeneca - Vaxzevria,Janssen - Ad26.COV 2-S,Moderna - Spikevax,Pfizer BioNTech - Comirnaty,Unknown Vaccine",2020-12-23,5,897820,32.133
Luxembourg,LUX,EURO,REPORTING,2022-10-16,1318917,469322,210.7,74.959,462706,73.902,"AstraZeneca - Vaxzevria,Janssen - Ad26.COV 2-S,Moderna - Spikevax,Novavax-NUVAXOVID,Pfizer BioNTech - Comirnaty",2020-12-30,5,367245,58.655
Madagascar,MDG,AFRO,REPORTING,2022-10-30,2069585,1793522,7.474,6.477,1722381,6.22,"Beijing CNBG - BBIBP-CorV,Janssen - Ad26.COV 2-S,SII - Covishield",2021-05-10,3,238771,0.862
Malawi,MWI,AFRO,REPORTING,2022-10-09,5619203,3748590,29.374,19.595,2949082,15.416,"Janssen - Ad26.COV 2-S,SII - Covishield",2021-03-11,2,197226,1.031
Malaysia,MYS,WPRO,REPORTING,2022-10-22,72171320,28107427,222.985,86.842,27516882,85.018,"AstraZeneca - Vaxzevria,Beijing CNBG - BBIBP-CorV,CanSino - Convidecia,Gamaleya - Gam-Covid-Vac,Janssen - Ad26.COV 2-S,Moderna - Spikevax,Pfizer BioNTech - Comirnaty,Sinovac - CoronaVac",2021-02-24,8,16248014,50.201
Maldives,MDV,SEARO,REPORTING,2022-10-17,951199,399126,175.971,73.838,385014,71.227,"AstraZeneca - Vaxzevria,Beijing CNBG - BBIBP-CorV,Gamaleya - Gam-Covid-Vac,Janssen - Ad26.COV 2-S,Moderna - Spikevax,Pfizer BioNTech - Comirnaty,SII - Covishield,Sinovac - CoronaVac",2021-02-01,8,167059,30.906
Mali,MLI,AFRO,REPORTING,2022-10-30,3615160,2631658,17.852,12.995,2110796,10.423,SII - Covishield,2021-03-31,1,,
Malta,MLT,EURO,REPORTING,2022-10-02,1273626,450426,247.5,87.535,444814,86.445,"AstraZeneca - Vaxzevria,Janssen - Ad26.COV 2-S,Moderna - Spikevax,Pfizer BioNTech - Comirnaty",2020-12-23,4,352052,68.418
Marshall Islands,MHL,WPRO,REPORTING,2022-09-26,103067,43458,174.117,73.416,36633,61.886,"Janssen - Ad26.COV 2-S,Moderna - Spikevax,Pfizer BioNTech - Comirnaty",2020-12-29,3,18559,31.353
Martinique,MTQ,AMRO,REPORTING,2022-10-28,393408,150002,104.835,39.972,144809,38.588,Pfizer BioNTech - Comirnaty,,1,92035,24.525
Mauritania,MRT,AFRO,REPORTING,2022-10-30,3252274,2008576,69.947,43.198,1426547,30.681,"Beijing CNBG - BBIBP-CorV,SII - Covishield",2021-03-26,2,295764,6.361
Mauritius,MUS,AFRO,REPORTING,2022-10-30,2610884,1123773,205.296,88.363,1088142,85.561,"Beijing CNBG - BBIBP-CorV,Bharat - Covaxin,SII - Covishield",2021-01-26,3,638510,50.206
Mexico,MEX,AMRO,REPORTING,2022-10-28,223158993,97179493,173.082,75.372,81849962,63.483,"AstraZeneca - Vaxzevria,CanSino - Convidecia,Gamaleya - Gam-Covid-Vac,Janssen - Ad26.COV 2-S,Moderna - Spikevax,Pfizer BioNTech - Comirnaty,Sinovac - CoronaVac",2020-12-24,7,57014052,44.22
Micronesia (Federated States of),FSM,WPRO,REPORTING,2022-08-20,170346,70204,148.097,61.035,66174,57.531,"AstraZeneca - Vaxzevria,Janssen - Ad26.COV 2-S,Moderna - Spikevax,Pfizer BioNTech - Comirnaty",2021-01-13,4,30537,26.549
Monaco,MCO,EURO,REPORTING,2022-09-04,69256,25233,176.5,64.298,24840,63.296,"AstraZeneca - Vaxzevria,Janssen - Ad26.COV 2-S,Moderna - Spikevax,Novavax - Covavax,Novavax-NUVAXOVID,Pfizer BioNTech - Comirnaty",2021-06-30,6,17621,44.901
Mongolia,MNG,WPRO,REPORTING,2022-10-21,5661358,2283182,172.692,69.646,2183781,66.613,"AstraZeneca - Vaxzevria,Beijing CNBG - BBIBP-CorV,Gamaleya - Gam-Covid-Vac,Moderna - Spikevax,Pfizer BioNTech - Comirnaty,SII - Covishield",2021-02-23,6,1055320,32.191
Montenegro,MNE,EURO,REPORTING,2022-10-16,526813,272544,83.9,43.826,254269,40.888,"AstraZeneca - Vaxzevria,Beijing CNBG - BBIBP-CorV,Gamaleya - Gam-Covid-Vac,Pfizer BioNTech - Comirnaty,Unknown Vaccine",2021-02-24,5,0,0
Montserrat,MSR,AMRO,REPORTING,2022-10-28,4564,2104,91.298,42.088,1950,39.008,AstraZeneca - Vaxzevria,2021-02-08,1,510,10.202
Morocco,MAR,EMRO,REPORTING,2022-11-02,55317568,25009841,149.869,67.758,23508519,63.69,"AstraZeneca - Vaxzevria,Beijing CNBG - BBIBP-CorV,Bharat - Covaxin,CanSino - Convidecia,Gamaleya - Gam-Covid-Vac,Gamaleya - Sputnik-Light,Janssen - Ad26.COV 2-S,Moderna - Spikevax,Pfizer BioNTech - Comirnaty,Sinovac - CoronaVac",2021-01-28,10,6896921,18.685
Mozambique,MOZ,AFRO,REPORTING,2022-10-30,19435780,18585783,62.184,59.464,13573329,43.427,"Beijing CNBG - BBIBP-CorV,Janssen - Ad26.COV 2-S,SII - Covishield",2021-03-08,3,730177,2.336
Myanmar,MMR,SEARO,REPORTING,2022-06-18,64549994,34777314,118.637,63.917,27545329,50.626,"Beijing CNBG - BBIBP-CorV,SII - Covishield",2021-01-27,2,2227351,4.094
Namibia,NAM,AFRO,REPORTING,2022-10-30,962898,596399,37.896,23.472,519505,20.446,"Beijing CNBG - BBIBP-CorV,Janssen - Ad26.COV 2-S,Pfizer BioNTech - Comirnaty,SII - Covishield",2021-03-19,4,159381,6.273
Nauru,NRU,WPRO,REPORTING,2022-07-11,24143,10493,222.845,96.853,8585,79.241,"AstraZeneca - Vaxzevria,SII - Covishield",2021-04-09,2,5065,46.751
Nepal,NPL,SEARO,REPORTING,2022-10-23,59118206,27290944,202.899,93.665,23389561,80.275,"AstraZeneca - Vaxzevria,Beijing CNBG - BBIBP-CorV,Bharat - Covaxin,Gamaleya - Gam-Covid-Vac,Janssen - Ad26.COV 2-S,Moderna - Spikevax,Pfizer BioNTech - Comirnaty,SII - Covishield",2021-01-27,8,8437701,28.959
Netherlands,NLD,EURO,REPORTING,2022-09-11,36105753,12776868,207.4,73.398,11957152,68.689,"AstraZeneca - Vaxzevria,Janssen - Ad26.COV 2-S,Moderna - Spikevax,Novavax-NUVAXOVID,Pfizer BioNTech - Comirnaty,Unknown Vaccine",2021-01-06,6,9417108,54.098
New Caledonia,NCL,WPRO,REPORTING,2022-09-26,469252,191568,164.363,67.1,184013,64.453,"Janssen - Ad26.COV 2-S,Pfizer BioNTech - Comirnaty",2021-01-20,2,93671,32.81
New Zealand,NZL,WPRO,REPORTING,2022-10-14,11804115,4255739,244.785,88.252,4095363,84.927,"AstraZeneca - Vaxzevria,Janssen - Ad26.COV 2-S,Novavax-NUVAXOVID,Pfizer BioNTech - Comirnaty",2021-02-19,4,2710218,56.203
Nicaragua,NIC,AMRO,REPORTING,2022-10-28,11910479,6104149,179.793,92.144,5806330,87.649,"AstraZeneca - Vaxzevria,CIGB - CIGB-66,Finlay - Soberana Plus,Finlay - Soberana-02,Gamaleya - Gam-Covid-Vac,Gamaleya - Sputnik-Light,Janssen - Ad26.COV 2-S,Pfizer BioNTech - Comirnaty,SII - Covishield",2021-03-03,9,,
Niger,NER,AFRO,REPORTING,2022-10-30,7042134,5935299,29.092,24.519,5176311,21.384,"Beijing CNBG - BBIBP-CorV,SII - Covishield",2021-03-29,2,,
Nigeria,NGA,AFRO,REPORTING,2022-10-30,87872150,60946631,42.627,29.566,48312871,23.437,SII - Covishield,2021-03-05,1,5626364,2.729
Niue,NIU,WPRO,REPORTING,2022-08-02,4180,1650,258.344,101.978,1436,88.752,Pfizer BioNTech - Comirnaty,2021-06-08,1,1094,67.614
North Macedonia,MKD,EURO,REPORTING,2022-10-09,1861953,854335,89.4,41.148,837932,40.358,"AstraZeneca - Vaxzevria,Beijing CNBG - BBIBP-CorV,Gamaleya - Gam-Covid-Vac,Moderna - Spikevax,Pfizer BioNTech - Comirnaty,Sinovac - CoronaVac,Wuhan CNBG - Inactivated",2021-02-17,7,161328,7.77
Northern Mariana Islands (Commonwealth of the),MNP,WPRO,REPORTING,2022-09-19,115886,46340,201.341,80.511,45046,78.263,"Janssen - Ad26.COV 2-S,Moderna - Spikevax,Pfizer BioNTech - Comirnaty",2020-12-19,3,24500,42.566
Norway,NOR,EURO,REPORTING,2022-10-16,11881760,4344292,221.4,80.936,4058588,75.613,"AstraZeneca - Vaxzevria,Janssen - Ad26.COV 2-S,Moderna - Spikevax,Pfizer BioNTech - Comirnaty",2020-12-23,4,2991787,55.738
occupied Palestinian territory,PSE,EMRO,REPORTING,2022-10-18,3748571,2012767,73.481,39.455,1776973,34.833,"AstraZeneca - Vaxzevria,Beijing CNBG - BBIBP-CorV,Bharat - Covaxin,CanSino - Convidecia,Gamaleya - Gam-Covid-Vac,Gamaleya - Sputnik-Light,Janssen - Ad26.COV 2-S,Moderna - Spikevax,Pfizer BioNTech - Comirnaty,Sinovac - CoronaVac",2021-02-02,10,336967,6.605
Oman,OMN,EMRO,REPORTING,2022-10-25,7086050,3257365,138.762,63.787,3048826,59.703,"AstraZeneca - Vaxzevria,Beijing CNBG - BBIBP-CorV,Bharat - Covaxin,CanSino - Convidecia,Gamaleya - Gam-Covid-Vac,Gamaleya - Sputnik-Light,Janssen - Ad26.COV 2-S,Moderna - Spikevax,Pfizer BioNTech - Comirnaty,SII - Covishield,Sinovac - CoronaVac",2020-12-29,11,779859,15.272
Pakistan,PAK,EMRO,REPORTING,2022-10-31,314087995,154441360,142.191,69.917,131262342,59.424,"AstraZeneca - Vaxzevria,Beijing CNBG - BBIBP-CorV,Bharat - Covaxin,CanSino - Convidecia,Gamaleya - Gam-Covid-Vac,Gamaleya - Sputnik-Light,Janssen - Ad26.COV 2-S,Moderna - Spikevax,Pfizer BioNTech - Comirnaty,SII - Covishield,Sinovac - CoronaVac",2021-02-03,11,46226871,20.927
Palau,PLW,WPRO,REPORTING,2022-09-06,50160,20094,277.25,111.066,18403,101.719,"Janssen - Ad26.COV 2-S,Moderna - Spikevax,Pfizer BioNTech - Comirnaty",2021-01-03,3,12856,71.059
Panama,PAN,AMRO,REPORTING,2022-10-28,8662543,3511315,200.765,81.379,3157799,73.186,"AstraZeneca - Vaxzevria,Pfizer BioNTech - Comirnaty",2021-01-20,2,1743751,40.414
Papua New Guinea,PNG,WPRO,REPORTING,2022-10-23,492326,357694,5.503,3.998,297814,3.329,"AstraZeneca - Vaxzevria,Beijing CNBG - BBIBP-CorV,Janssen - Ad26.COV 2-S,SII - Covishield",2021-03-30,4,28516,0.319
Paraguay,PRY,AMRO,REPORTING,2022-10-28,9419313,3967215,132.061,55.621,3518399,49.329,"AstraZeneca - Vaxzevria,Beijing CNBG - BBIBP-CorV,Bharat - Covaxin,Gamaleya - Gam-Covid-Vac,Julphar - Hayat-Vax,Moderna - Spikevax,Pfizer BioNTech - Comirnaty,Sinovac - CoronaVac",2021-02-22,8,1617513,22.678
Peru,PER,AMRO,REPORTING,2022-10-28,84981554,29908445,257.74,90.709,28280111,85.77,"AstraZeneca - Vaxzevria,Beijing CNBG - BBIBP-CorV,Moderna - Spikevax,Pfizer BioNTech - Comirnaty",2021-02-09,4,21376479,64.833
Philippines,PHL,WPRO,REPORTING,2022-10-20,167639203,77994168,152.982,71.175,73449131,67.027,"AstraZeneca - Vaxzevria,Beijing CNBG - BBIBP-CorV,Bharat - Covaxin,Gamaleya - Gam-Covid-Vac,Gamaleya - Sputnik-Light,Janssen - Ad26.COV 2-S,Julphar - Hayat-Vax,Moderna - Spikevax,Novavax-NUVAXOVID,Pfizer BioNTech - Comirnaty,Sinovac - CoronaVac",2021-03-01,11,20425579,18.64
Pitcairn Islands,PCN,WPRO,REPORTING,2022-02-28,138,55,276,110,37,74,AstraZeneca - Vaxzevria,2021-05-17,1,23,46
Poland,POL,EURO,REPORTING,2022-10-16,57383999,22901670,151.2,60.334,22625720,59.607,"AstraZeneca - Vaxzevria,Janssen - Ad26.COV 2-S,Moderna - Spikevax,Novavax-NUVAXOVID,Pfizer BioNTech - Comirnaty",2020-12-23,5,12426877,32.738
Portugal,PRT,EURO,REPORTING,2022-10-16,25658974,9760014,249.2,94.891,8873102,86.181,"AstraZeneca - Vaxzevria,Beijing CNBG - BBIBP-CorV,Bharat - Covaxin,Janssen - Ad26.COV 2-S,Moderna - Spikevax,Novavax-NUVAXOVID,Pfizer BioNTech - Comirnaty,Sinovac - CoronaVac",2020-12-23,8,6946902,67.472
Puerto Rico,PRI,AMRO,REPORTING,2022-10-28,7798061,3117448,272.578,108.969,2748798,96.083,"Janssen - Ad26.COV 2-S,Moderna - Spikevax,Novavax-NUVAXOVID,Pfizer BioNTech - Comirnaty",,4,1723166,60.233
Qatar,QAT,EMRO,REPORTING,2022-11-01,7592322,2847595,263.526,98.839,2847594,98.839,"AstraZeneca - Vaxzevria,Beijing CNBG - BBIBP-CorV,Bharat - Covaxin,CanSino - Convidecia,Gamaleya - Gam-Covid-Vac,Gamaleya - Sputnik-Light,Janssen - Ad26.COV 2-S,Moderna - Spikevax,Pfizer BioNTech - Comirnaty,Sinovac - CoronaVac",,10,1897133,65.849
Republic of Korea,KOR,WPRO,REPORTING,2022-09-30,130834289,45113628,255.191,87.994,44678807,87.146,"AstraZeneca - Vaxzevria,Janssen - Ad26.COV 2-S,Moderna - Spikevax,Novavax-NUVAXOVID,Pfizer BioNTech - Comirnaty",2021-02-26,5,33600655,65.538
Republic of Moldova,MDA,EURO,REPORTING,2022-09-18,2241785,1101302,55.6,27.301,1071341,26.558,"AstraZeneca - Vaxzevria,Beijing CNBG - BBIBP-CorV,Gamaleya - Gam-Covid-Vac,Janssen - Ad26.COV 2-S,Moderna - Spikevax,Pfizer BioNTech - Comirnaty,Sinovac - CoronaVac",2021-03-03,7,370563,9.186
Romania,ROU,EURO,REPORTING,2022-10-16,16083871,8183574,83.2,42.339,8136562,42.095,"AstraZeneca - Vaxzevria,Janssen - Ad26.COV 2-S,Moderna - Spikevax,Pfizer BioNTech - Comirnaty",2021-01-27,4,1761712,9.114
Russian Federation,RUS,EURO,OWID,2022-10-31,179202586,85406305,122.8,58.524,77321901,52.984,"SRCVB - EpiVacCorona, Gamaleya - Sputnik V",,2,,
Rwanda,RWA,AFRO,REPORTING,2022-10-23,26106436,9547259,201.56,73.711,8962371,69.196,"Beijing CNBG - BBIBP-CorV,Gamaleya - Gam-Covid-Vac,Janssen - Ad26.COV 2-S,Moderna - Spikevax,Pfizer BioNTech - Comirnaty,SII - Covishield,Sinovac - CoronaVac",2021-03-05,7,5562376,42.945
Saba,XCA,AMRO,REPORTING,2022-10-28,4471,1687,231.298,87.274,1657,85.722,,,,1127,58.303
Saint Helena,SHN,AFRO,OWID,2021-05-05,7892,4361,129.995,71.833,3531,58.162,AstraZeneca - AZD1222,,1,,
Saint Kitts and Nevis,KNA,AMRO,REPORTING,2022-10-28,64225,33794,120.742,63.532,26944,50.654,"AstraZeneca - Vaxzevria,Pfizer BioNTech - Comirnaty,SII - Covishield",2021-02-22,3,3465,6.514
Saint Lucia,LCA,AMRO,REPORTING,2022-10-28,122977,60140,66.971,32.751,54971,29.936,"AstraZeneca - Vaxzevria,Janssen - Ad26.COV 2-S,Moderna - Spikevax,Pfizer BioNTech - Comirnaty,SII - Covishield",2021-02-17,5,7866,4.284
Saint Vincent and the Grenadines,VCT,AMRO,REPORTING,2022-10-28,72941,37311,65.748,33.632,31433,28.333,"AstraZeneca - Vaxzevria,Gamaleya - Gam-Covid-Vac,Gamaleya - Sputnik-Light,Pfizer BioNTech - Comirnaty,SII - Covishield",2021-02-01,5,4197,3.783
Samoa,WSM,WPRO,REPORTING,2022-09-26,440413,191071,221.967,96.299,177489,89.454,"AstraZeneca - Vaxzevria,Pfizer BioNTech - Comirnaty",2021-04-18,2,71853,36.214
San Marino,SMR,EURO,REPORTING,2022-05-22,69338,26357,204.3,76.501,23633,68.595,"Gamaleya - Gam-Covid-Vac,Pfizer BioNTech - Comirnaty",2021-02-24,2,19348,56.158
Sao Tome and Principe,STP,AFRO,REPORTING,2022-10-23,227603,127410,103.853,58.136,103508,47.23,"AstraZeneca - Vaxzevria,SII - Covishield",2021-03-15,2,32393,14.781
Saudi Arabia,SAU,EMRO,REPORTING,2022-10-27,67979420,26918732,195.265,77.322,25320917,72.732,"AstraZeneca - Vaxzevria,Beijing CNBG - BBIBP-CorV,Bharat - Covaxin,CanSino - Convidecia,Gamaleya - Gam-Covid-Vac,Gamaleya - Sputnik-Light,Janssen - Ad26.COV 2-S,Moderna - Spikevax,Pfizer BioNTech - Comirnaty,Sinovac - CoronaVac",2021-01-06,10,15739771,45.211
Senegal,SEN,AFRO,REPORTING,2022-10-23,2469499,1732282,14.749,10.346,1263032,7.543,"Beijing CNBG - BBIBP-CorV,Janssen - Ad26.COV 2-S,SII - Covishield",2021-02-23,3,591916,3.535
Serbia,SRB,EURO,REPORTING,2022-09-04,6717622,3396340,97,49.033,3321282,47.949,"AstraZeneca - Vaxzevria,Beijing CNBG - BBIBP-CorV,Gamaleya - Gam-Covid-Vac,Moderna - Spikevax,Pfizer BioNTech - Comirnaty",2020-12-23,5,0,0
Seychelles,SYC,AFRO,REPORTING,2022-10-23,217487,85655,221.142,87.095,81494,82.864,"Beijing CNBG - BBIBP-CorV,Gamaleya - Gam-Covid-Vac,Julphar - Hayat-Vax,SII - Covishield",2021-01-10,4,43749,44.484
Sierra Leone,SLE,AFRO,REPORTING,2022-10-30,4834206,3513208,60.602,44.042,2736804,34.309,"Beijing CNBG - BBIBP-CorV,SII - Covishield",2021-03-15,2,71618,0.898
Singapore,SGP,WPRO,REPORTING,2022-09-28,14695435,5161367,251.189,88.223,5120432,87.524,"AstraZeneca - Vaxzevria,Beijing CNBG - BBIBP-CorV,Moderna - Spikevax,Pfizer BioNTech - Comirnaty",2020-12-30,4,4413636,75.442
Sint Eustatius,XBA,AMRO,REPORTING,2022-10-28,4257,1791,135.616,57.056,1686,53.711,,,,780,24.849
Sint Maarten,SXM,AMRO,REPORTING,2022-10-28,65324,29788,152.334,69.465,26515,61.832,"AstraZeneca - Vaxzevria,Moderna - Spikevax,Pfizer BioNTech - Comirnaty",2021-02-22,3,9021,21.037
Slovakia,SVK,EURO,REPORTING,2022-10-16,7176980,2838635,131.5,52.01,2790217,51.123,"AstraZeneca - Vaxzevria,Gamaleya - Gam-Covid-Vac,Janssen - Ad26.COV 2-S,Moderna - Spikevax,Novavax-NUVAXOVID,Pfizer BioNTech - Comirnaty",2021-01-06,6,1683402,30.844
Slovenia,SVN,EURO,REPORTING,2022-10-16,2999524,1233013,143.1,58.831,1202504,57.375,"AstraZeneca - Vaxzevria,Janssen - Ad26.COV 2-S,Moderna - Spikevax,Novavax-NUVAXOVID,Pfizer BioNTech - Comirnaty",2020-12-23,5,654976,31.251
Solomon Islands,SLB,WPRO,REPORTING,2022-10-09,540361,315969,78.668,46,212173,30.889,"AstraZeneca - Vaxzevria,Beijing CNBG - BBIBP-CorV,Pfizer BioNTech - Comirnaty,SII - Covishield",2021-03-23,4,14725,2.144
Somalia,SOM,EMRO,REPORTING,2022-10-30,8132773,7137557,51.171,44.909,5936922,37.355,"AstraZeneca - Vaxzevria,Beijing CNBG - BBIBP-CorV,Bharat - Covaxin,CanSino - Convidecia,Gamaleya - Gam-Covid-Vac,Gamaleya - Sputnik-Light,Janssen - Ad26.COV 2-S,Moderna - Spikevax,Pfizer BioNTech - Comirnaty,SII - Covishield,Sinovac - CoronaVac",2021-03-16,11,,
South Africa,ZAF,AFRO,REPORTING,2022-10-30,37796915,23825968,63.729,40.173,20898618,35.237,"Janssen - Ad26.COV 2-S,Pfizer BioNTech - Comirnaty",2021-02-17,2,3789414,6.389
South Sudan,SSD,AFRO,REPORTING,2022-10-30,2180708,2143114,19.482,19.146,2101283,18.772,"Janssen - Ad26.COV 2-S,SII - Covishield",2021-04-06,2,,
Spain,ESP,EURO,REPORTING,2022-10-16,103064170,41287568,217.7,87.229,37488975,79.203,"AstraZeneca - Vaxzevria,Janssen - Ad26.COV 2-S,Moderna - Spikevax,Pfizer BioNTech - Comirnaty",2020-12-30,4,26001927,54.934
Sri Lanka,LKA,SEARO,REPORTING,2022-10-30,40116590,17143761,187.345,80.061,14752827,68.896,"AstraZeneca - Vaxzevria,Beijing CNBG - BBIBP-CorV,Gamaleya - Gam-Covid-Vac,Moderna - Spikevax,Pfizer BioNTech - Comirnaty,SII - Covishield",2021-01-29,6,8220002,38.387
Sudan,SDN,EMRO,REPORTING,2022-05-30,8179010,6651268,18.653,15.168,4536964,10.347,"AstraZeneca - Vaxzevria,Beijing CNBG - BBIBP-CorV,Bharat - Covaxin,CanSino - Convidecia,Gamaleya - Gam-Covid-Vac,Gamaleya - Sputnik-Light,Janssen - Ad26.COV 2-S,Moderna - Spikevax,Pfizer BioNTech - Comirnaty,SII - Covishield,Sinovac - CoronaVac",2021-03-09,11,50234,0.115
Suriname,SUR,AMRO,REPORTING,2022-10-28,554588,267820,94.538,45.654,237879,40.55,"AstraZeneca - Vaxzevria,Beijing CNBG - BBIBP-CorV,Moderna - Spikevax,Pfizer BioNTech - Comirnaty,SII - Covishield",2021-02-23,5,48889,8.334
Sweden,SWE,EURO,REPORTING,2022-10-16,22750237,7504601,220.3,72.666,7366812,71.331,"AstraZeneca - Vaxzevria,Moderna - Spikevax,Novavax-NUVAXOVID,Pfizer BioNTech - Comirnaty,Unknown Vaccine",2020-12-23,5,5525594,53.503
Switzerland,CHE,EURO,REPORTING,2022-10-09,15844749,6092913,183.1,70.798,5718238,66.445,"Janssen - Ad26.COV 2-S,Moderna - Spikevax,Novavax-NUVAXOVID,Pfizer BioNTech - Comirnaty",2020-12-23,4,4093370,47.564
Syrian Arab Republic,SYR,EMRO,REPORTING,2022-10-16,4777586,3050850,27.299,17.433,2105113,12.029,"AstraZeneca - Vaxzevria,Beijing CNBG - BBIBP-CorV,Bharat - Covaxin,CanSino - Convidecia,Gamaleya - Gam-Covid-Vac,Gamaleya - Sputnik-Light,Janssen - Ad26.COV 2-S,Moderna - Spikevax,Pfizer BioNTech - Comirnaty,SII - Covishield,Sinovac - CoronaVac",2021-04-01,11,75881,0.434
Tajikistan,TJK,EURO,REPORTING,2022-08-21,15441380,5282863,161.9,55.39,5120562,53.688,"AstraZeneca - Vaxzevria,Gamaleya - Gam-Covid-Vac,Moderna - Spikevax,Pfizer BioNTech - Comirnaty,SII - Covishield,Sinovac - CoronaVac",2021-03-24,6,4951036,51.91
Thailand,THA,SEARO,REPORTING,2022-09-30,142635014,57005497,204.348,81.67,53486086,76.628,"AstraZeneca - Vaxzevria,Beijing CNBG - BBIBP-CorV,Janssen - Ad26.COV 2-S,Moderna - Spikevax,Pfizer BioNTech - Comirnaty,SII - Covishield,SII - Covovax,Sinovac - CoronaVac",2021-02-28,8,32143431,46.051
The United Kingdom,GBR,EURO,REPORTING,2022-09-11,151248820,53813491,222.8,79.068,50762968,74.586,"AstraZeneca - Vaxzevria,Moderna - Spikevax,Pfizer BioNTech - Comirnaty",2020-12-21,3,,
Timor-Leste,TLS,SEARO,REPORTING,2022-10-29,1856567,859542,140.815,65.194,758817,57.554,"AstraZeneca - Vaxzevria,Pfizer BioNTech - Comirnaty,SII - Covishield,Sinovac - CoronaVac",2021-04-07,4,238208,18.067
Togo,TGO,AFRO,REPORTING,2022-10-30,3381542,2232792,40.846,26.97,1451712,17.535,SII - Covishield,2021-03-10,1,138868,1.677
Tokelau,TKL,WPRO,REPORTING,2022-09-05,4924,1494,364.741,110.667,1494,110.667,Pfizer BioNTech - Comirnaty,2021-07-20,1,968,71.704
Tonga,TON,WPRO,REPORTING,2022-10-10,203004,87242,192.066,82.541,76800,72.662,"AstraZeneca - Vaxzevria,Pfizer BioNTech - Comirnaty",2021-04-14,2,38082,36.03
Trinidad and Tobago,TTO,AMRO,REPORTING,2022-10-28,1582011,753588,113.042,53.847,717614,51.277,"AstraZeneca - Vaxzevria,Beijing CNBG - BBIBP-CorV,Janssen - Ad26.COV 2-S,Pfizer BioNTech - Comirnaty,SII - Covishield",2021-02-17,5,169016,12.077
Tunisia,TUN,EMRO,REPORTING,2022-11-01,13154159,7209983,111.3,61.005,6384739,54.023,"AstraZeneca - Vaxzevria,Beijing CNBG - BBIBP-CorV,Bharat - Covaxin,CanSino - Convidecia,Gamaleya - Gam-Covid-Vac,Gamaleya - Sputnik-Light,Janssen - Ad26.COV 2-S,Moderna - Spikevax,Pfizer BioNTech - Comirnaty,Sinovac - CoronaVac",2021-03-13,10,1250615,10.582
Turkey,TUR,EURO,OWID,2022-10-31,152405372,57932853,,69.669,53167127,63.937,"Pfizer BioNTech - Comirnaty, Sinovac - CoronaVac, Turkovac",,3,,
Turkmenistan,TKM,EURO,REPORTING,2022-09-04,13514000,3728000,224.1,61.812,3689000,61.165,"Anhui ZL - Zifivax,AstraZeneca - Vaxzevria,Beijing CNBG - BBIBP-CorV,Gamaleya - Gam-Covid-Vac,RIBSP - QazVac,SRCVB - EpiVacCorona,Unknown Vaccine",2021-02-24,7,3340000,55.379
Turks and Caicos Islands,TCA,AMRO,REPORTING,2022-10-28,72837,32338,188.122,83.522,30288,78.227,Pfizer BioNTech - Comirnaty,2021-01-11,1,7272,18.782
Tuvalu,TUV,WPRO,REPORTING,2022-08-31,25591,9603,217.02,81.437,9322,79.054,AstraZeneca - Vaxzevria,2021-04-13,1,5528,46.879
Uganda,UGA,AFRO,REPORTING,2022-10-09,25783131,18867075,56.368,41.248,12765601,27.908,"Janssen - Ad26.COV 2-S,Moderna - Spikevax,Pfizer BioNTech - Comirnaty,SII - Covishield,Sinovac - CoronaVac",2021-03-10,5,431349,0.943
Ukraine,UKR,EURO,REPORTING,2022-02-27,31668577,15774300,72.4,36.069,15153577,34.65,"AstraZeneca - Vaxzevria,Janssen - Ad26.COV 2-S,Moderna - Spikevax,Pfizer BioNTech - Comirnaty,SII - Covishield,Sinovac - CoronaVac",2021-02-24,6,741197,1.695
United Arab Emirates,ARE,EMRO,REPORTING,2022-07-06,24922054,9991089,251.982,101.018,9792266,99.008,"AstraZeneca - Vaxzevria,Beijing CNBG - BBIBP-CorV,Bharat - Covaxin,CanSino - Convidecia,Gamaleya - Gam-Covid-Vac,Gamaleya - Sputnik-Light,Janssen - Ad26.COV 2-S,Moderna - Spikevax,Pfizer BioNTech - Comirnaty,SII - Covishield,Sinovac - CoronaVac",,11,5138699,51.956
United Republic of Tanzania,TZA,AFRO,REPORTING,2022-10-30,31047338,26392125,51.976,44.183,24524930,41.057,"Beijing CNBG - BBIBP-CorV,Janssen - Ad26.COV 2-S,Pfizer BioNTech - Comirnaty",2021-07-28,3,,
United States of America,USA,AMRO,REPORTING,2022-10-28,629073496,262914024,190.051,79.43,224185029,67.729,"Janssen - Ad26.COV 2-S,Moderna - Spikevax,Novavax-NUVAXOVID,Pfizer BioNTech - Comirnaty",2020-12-14,4,110125673,33.27
Uruguay,URY,AMRO,REPORTING,2022-10-28,8744104,3001907,251.721,86.417,2894080,83.313,"AstraZeneca - Vaxzevria,Pfizer BioNTech - Comirnaty,Sinovac - CoronaVac",2021-02-27,3,2064398,59.429
Uzbekistan,UZB,EURO,REPORTING,2022-10-09,69218586,21037140,206.8,62.855,17201955,51.396,"Anhui ZL - Zifivax,Gamaleya - Gam-Covid-Vac,Gamaleya - Sputnik-Light,Moderna - Spikevax,Pfizer BioNTech - Comirnaty,SII - Covishield,Sinovac - CoronaVac,Unknown Vaccine",2021-04-28,8,14334007,42.827
Vanuatu,VUT,WPRO,REPORTING,2022-08-28,292146,144290,95.117,46.978,131300,42.749,"AstraZeneca - Vaxzevria,Beijing CNBG - BBIBP-CorV,Janssen - Ad26.COV 2-S",2021-06-02,3,16556,5.39
Venezuela (Bolivarian Republic of),VEN,AMRO,REPORTING,2022-10-28,37860994,22157232,133.145,77.92,14287370,50.244,"Beijing CNBG - BBIBP-CorV,CIGB - CIGB-66,Finlay - Soberana-02,Gamaleya - Gam-Covid-Vac,Gamaleya - Sputnik-Light,Sinovac - CoronaVac",2021-02-22,6,651502,2.291
Viet Nam,VNM,WPRO,REPORTING,2022-10-20,261059430,90044496,268.197,92.506,84433722,86.742,"AstraZeneca - Vaxzevria,Beijing CNBG - BBIBP-CorV,CIGB - CIGB-66,Gamaleya - Gam-Covid-Vac,Moderna - Spikevax,Pfizer BioNTech - Comirnaty",2021-03-08,6,56250109,57.788
Wallis and Futuna,WLF,WPRO,REPORTING,2022-07-26,16782,6592,149.226,58.616,6989,62.147,Moderna - Spikevax,2021-03-19,1,3201,28.463
Yemen,YEM,EMRO,REPORTING,2022-10-30,1145868,914722,3.842,3.067,676019,2.267,"AstraZeneca - Vaxzevria,Beijing CNBG - BBIBP-CorV,Bharat - Covaxin,CanSino - Convidecia,Gamaleya - Gam-Covid-Vac,Gamaleya - Sputnik-Light,Janssen - Ad26.COV 2-S,Moderna - Spikevax,Pfizer BioNTech - Comirnaty,SII - Covishield,Sinovac - CoronaVac",2021-04-20,11,54985,0.184
Zambia,ZMB,AFRO,REPORTING,2022-10-30,13055448,10611599,71.015,57.722,8143760,44.298,"Beijing CNBG - BBIBP-CorV,Janssen - Ad26.COV 2-S,SII - Covishield",2021-04-14,3,967569,5.263
Zimbabwe,ZWE,AFRO,REPORTING,2022-10-16,12622764,6542794,84.928,44.021,4902925,32.988,"Beijing CNBG - BBIBP-CorV,Bharat - Covaxin,Gamaleya - Gam-Covid-Vac,Sinovac - CoronaVac",2021-02-18,4,1177045,7.919
